{"cameraMode":{"drawMode":0,"name":"Shaded","section":"Shading Mode"},"sceneLighting":true,"audioPlay":false,"sceneViewState":{"showFog":true,"showMaterialUpdate":false,"showSkybox":true,"showFlares":true,"showImageEffects":true,"showParticleSystems":true},"in2DMode":false,"pivot":{"x":-111.96062469482422,"y":0.8849987983703613,"z":47.79381561279297},"rotation":{"x":0.05096716433763504,"y":-0.02067513018846512,"z":0.0010543048847466708,"w":0.998490035533905},"size":8.016796112060547,"orthographic":false}