{"cameraMode":{"drawMode":0,"name":"Shaded","section":"Shading Mode"},"sceneLighting":true,"audioPlay":false,"sceneViewState":{"showFog":true,"showMaterialUpdate":false,"showSkybox":true,"showFlares":true,"showImageEffects":true,"showParticleSystems":true},"in2DMode":false,"pivot":{"x":39.332462310791019,"y":27.521188735961915,"z":10.393278121948243},"rotation":{"x":0.6687830686569214,"y":0.02006501331925392,"z":-0.018061527982354165,"w":0.7429680824279785},"size":152.60675048828126,"orthographic":true}