{"cameraMode":{"drawMode":0,"name":"Shaded","section":"Shading Mode"},"sceneLighting":true,"audioPlay":false,"sceneViewState":{"showFog":true,"showMaterialUpdate":false,"showSkybox":true,"showFlares":true,"showImageEffects":true,"showParticleSystems":true},"in2DMode":false,"pivot":{"x":1.1559524536132813,"y":-29.240873336791993,"z":32.64805603027344},"rotation":{"x":0.23212476074695588,"y":0.4901515543460846,"z":-0.13720576465129853,"w":0.8289728164672852},"size":305.4874572753906,"orthographic":false}