{"cameraMode":{"drawMode":0,"name":"Shaded","section":"Shading Mode"},"sceneLighting":true,"audioPlay":false,"sceneViewState":{"showFog":true,"showMaterialUpdate":false,"showSkybox":true,"showFlares":true,"showImageEffects":true,"showParticleSystems":true},"in2DMode":false,"pivot":{"x":-139.8736114501953,"y":114.5191879272461,"z":91.1497802734375},"rotation":{"x":-0.3248550593852997,"y":-0.3077428340911865,"z":0.11267759650945664,"w":-0.887181282043457},"size":196.4468536376953,"orthographic":false}