{"cameraMode":{"drawMode":0,"name":"Shaded","section":"Shading Mode"},"sceneLighting":true,"audioPlay":false,"sceneViewState":{"showFog":true,"showMaterialUpdate":false,"showSkybox":true,"showFlares":true,"showImageEffects":true,"showParticleSystems":true},"in2DMode":false,"pivot":{"x":-12.131694793701172,"y":7.2695465087890629,"z":-11.369461059570313},"rotation":{"x":0.26006680727005007,"y":0.11122375726699829,"z":-0.03017197921872139,"w":0.9586899280548096},"size":22.140565872192384,"orthographic":false}